[{"_id": "5676304901", "NickName": "OnFire", "Gender": "f", "Num_Follows": 113, "Num_Fans": 105394, "Statuses_Count": 15312, "Containerid": "1076035676304901", "URL": "https://m.weibo.cn/5676304901"},{"Content": {"0": "失误一次。 ​​​", "2": "追梦干嘛呢。。 ​​​", "3": "就是瞎扔！ ​​​", "4": "詹姆斯第一个选择了KD。网页链接 ​​​", "5": "汤汤发布会直接开吃。 ​​​", "6": "岳父，我尽力了。 ​​​", "7": "跟我来，我说，詹姆斯！你说，“” ​​​", "8": "画风有点奇特。 ​​​", "9": "南斯，炸裂。 ​​​"}, "Weibo_Id": {"0": "4200468626841517", "2": "4200425512765349", "3": "4200411085022203", "4": "4200403812017519", "5": "4199748086861120", "6": "4199702243149464", "7": "4199669565921475", "8": "4195393291711887", "9": "4195370387214718"}, "Source": {"0": "微博 weibo.com", "2": "微博 weibo.com", "3": "微博 weibo.com", "4": "微博 weibo.com", "5": "微博 weibo.com", "6": "微博 weibo.com", "7": "微博 weibo.com", "8": "微博 weibo.com", "9": "微博 weibo.com"}, "Attitudes_Count": {"0": 11, "2": 0, "3": 5, "4": 6, "5": 12, "6": 1, "7": 1, "8": 0, "9": 5}, "Comments_Count": {"0": 3, "2": 4, "3": 0, "4": 0, "5": 0, "6": 1, "7": 2, "8": 0, "9": 2}, "Created_At": {"0": "01-26", "2": "01-26", "3": "01-26", "4": "01-26", "5": "01-24", "6": "01-24", "7": "01-24", "8": "01-12", "9": "01-12"}, "User": {"0": "OnFire", "2": "OnFire", "3": "OnFire", "4": "OnFire", "5": "OnFire", "6": "OnFire", "7": "OnFire", "8": "OnFire", "9": "OnFire"}},{"Content": {"0": "瓜哥。PG？ ​​​", "1": "社会我，卧槽？ ​​​", "2": "亚瑟小子，心情。 ​​​", "3": "裁判心里有句草泥马。。 ​​​", "4": "一哥，过分了。 ​​​", "5": "还可以这样？ ​​​", "6": "JB你这是？ ​​​", "7": "听说你护框很棒？ ​​​", "8": "约老师用脸抢断后风骚背传 ​​​", "9": "雷霆这个弗格森猛啊。 ​​​"}, "Weibo_Id": {"0": "4192872653245970", "1": "4192839405424183", "2": "4192817242374975", "3": "4192809046678165", "4": "4192793319163357", "5": "4192781717460881", "6": "4192530826276862", "7": "4192516666694250", "8": "4192509703642378", "9": "4192467756555580"}, "Source": {"0": "微博 weibo.com", "1": "微博 weibo.com", "2": "微博 weibo.com", "3": "微博 weibo.com", "4": "微博 weibo.com", "5": "微博 weibo.com", "6": "微博 weibo.com", "7": "微博 weibo.com", "8": "微博 weibo.com", "9": "微博 weibo.com"}, "Attitudes_Count": {"0": 7, "1": 6, "2": 3, "3": 5, "4": 5, "5": 1, "6": 4, "7": 5, "8": 6, "9": 4}, "Comments_Count": {"0": 2, "1": 3, "2": 0, "3": 0, "4": 1, "5": 1, "6": 1, "7": 1, "8": 1, "9": 3}, "Created_At": {"0": "01-05", "1": "01-05", "2": "01-05", "3": "01-05", "4": "01-05", "5": "01-05", "6": "01-04", "7": "01-04", "8": "01-04", "9": "01-04"}, "User": {"0": "OnFire", "1": "OnFire", "2": "OnFire", "3": "OnFire", "4": "OnFire", "5": "OnFire", "6": "OnFire", "7": "OnFire", "8": "OnFire", "9": "OnFire"}},{"Content": {"0": "老夫聊发少年狂！ ​​​", "1": "韦德和老詹这是？ ​​​", "2": "这也行？ ​​​", "3": "这个失误，我不要。 ​​​", "4": "【秋冬新款勇士套头衫】还等什么，快来拿奖！网页链接 三年老勇蜜必备。 ​​​", "5": "波神对战小丁。 ​​​", "6": "德罗赞！生涯第一个50分！2018，要疯啊。 ​​​", "7": "字母日常吃人！今天加餐了。。 ​​​", "8": "卡哇伊怒了！ ​​​", "9": "Repost: 名人房连战三日！究竟谁才是最懂球女主播呢？进腾讯体育APP-发现，热门游戏找到“天天NBA”，今天小姨妈来教你如何排兵布阵！参与名人房壕礼不断，#吴亦凡#同款耳机、AJ大魔王、NBA球衣，获得当日冠军还可以额外获得腾讯体育高级会员3个月，转发再抽一名幸运球迷送出神秘礼物！ 杭州 ​​​ Say:分母。"}, "Weibo_Id": {"0": "4192407983550114", "1": "4192150646131510", "2": "4192131772010545", "3": "4192109412193093", "4": "4191784806774520", "5": "4191733569339250", "6": "4191699015705567", "7": "4191694960278448", "8": "4191691302305109", "9": "4189895586540885"}, "Source": {"0": "微博 weibo.com", "1": "微博 weibo.com", "2": "微博 weibo.com", "3": "微博 weibo.com", "4": "iPhone客户端", "5": "微博 weibo.com", "6": "微博 weibo.com", "7": "微博 weibo.com", "8": "微博 weibo.com", "9": "iPhone客户端"}, "Attitudes_Count": {"0": 1, "1": 0, "2": 3, "3": 2, "4": 1, "5": 13, "6": 10, "7": 1, "8": 5, "9": 2}, "Comments_Count": {"0": 0, "1": 2, "2": 0, "3": 3, "4": 5, "5": 0, "6": 0, "7": 1, "8": 4, "9": 0}, "Created_At": {"0": "01-04", "1": "01-03", "2": "01-03", "3": "01-03", "4": "01-02", "5": "01-02", "6": "01-02", "7": "01-02", "8": "01-02", "9": "2017-12-28"}, "User": {"0": "OnFire", "1": "OnFire", "2": "OnFire", "3": "OnFire", "4": "OnFire", "5": "OnFire", "6": "OnFire", "7": "OnFire", "8": "OnFire", "9": "OnFire"}},{"Content": {"0": "小托马斯被两个儿子群殴。 ​​​", "1": "Repost: 圣诞大战正在火爆进行中，昨天美娜的名人房大家都参与了吧？今天是我来守擂哟！进腾讯体育APP-发现，热门游戏找到“天天NBA”，12月25-12月31日，来女主播名人房，#吴亦凡#同款耳机、AJ大魔王、NBA球衣，美女和大奖不服就来躁！当日冠军还能额外获得腾讯体育高级会员3个月，以及由我送出的神秘礼物！ ​​​ Say:昨天选格林的大赚！", "2": "犯规了吗？ ​​​", "3": "这圣诞老人卡哇伊。 ​​​", "4": "Repost: 果果、佳依、小姨妈、小七、小南、沈洋还有我我我，谁是#最懂球女主播#？进腾讯体育APP-发现，热门游戏找到“天天NBA”，12月24-12月31日，来女主播名人房，#吴亦凡#同款耳机、AJ大魔王、NBA球衣，美女和大奖不服就来躁！转发这条微博抽3名幸运球迷，每人送288现金红包哦！猜猜我会不会选老詹呢 ​​​ Say:2年老詹蜜， 抽我抽我。", "5": "Repost:  Say:球迷朋友们还要注意， 并不可以在OnFire进行全明星投票。", "6": "波神：还有这种操作？ ​​​", "7": "Repost: 科比跟老鱼亲切交谈 ​​​ Say:今日最佳。", "8": "网页链接 科比，真的很高兴再看到你。 ​​​", "9": "【受偶像激励，一位湖蜜自科比谢幕战后减肥154斤】网页链接 反了反了。 ​​​"}, "Weibo_Id": {"0": "4189169008140086", "1": "4189153858085241", "2": "4189143615550099", "3": "4188870550210525", "4": "4188759420875160", "5": "4187739136205592", "6": "4187735420478330", "7": "4186652596945634", "8": "4186641612071583", "9": "4186636865000271"}, "Source": {"0": "微博 weibo.com", "1": "iPhone客户端", "2": "微博 weibo.com", "3": "微博 weibo.com", "4": "iPhone客户端", "5": "微博 weibo.com", "6": "微博 weibo.com", "7": "微博 weibo.com", "8": "iPhone客户端", "9": "iPhone客户端"}, "Attitudes_Count": {"0": 7, "1": 0, "2": 0, "3": 1, "4": 2, "5": 3, "6": 3, "7": 6, "8": 4, "9": 6}, "Comments_Count": {"0": 1, "1": 0, "2": 18, "3": 0, "4": 2, "5": 0, "6": 0, "7": 1, "8": 9, "9": 0}, "Created_At": {"0": "2017-12-26", "1": "2017-12-26", "2": "2017-12-26", "3": "2017-12-25", "4": "2017-12-25", "5": "2017-12-22", "6": "2017-12-22", "7": "2017-12-19", "8": "2017-12-19", "9": "2017-12-19"}, "User": {"0": "OnFire", "1": "OnFire", "2": "OnFire", "3": "OnFire", "4": "OnFire", "5": "OnFire", "6": "OnFire", "7": "OnFire", "8": "OnFire", "9": "OnFire"}}]